<?xml version="1.0" encoding="UTF-8"?>
<!DOCTYPE struts PUBLIC "-//Apache Software Foundation//DTD Struts Configuration 2.0//EN" "http://struts.apache.org/dtds/struts-2.0.dtd">

<struts>
	<constant name="struts.multipart.maxSize" value="1000000" />
	<constant name="struts.custom.i18n.resources" value="TheaterResources"/>
	<package name="default" extends="struts-default" namespace="/">
		
		<action name="XYZTheaterBooking">
			<result>/XYZTheaterHome.jsp</result>
		</action>
		
		<action name="uploadXML" class="harshita.XYZ.Action.UploadXMLAction">
			<interceptor-ref name="fileUpload">
				<param name="maximumSize">1000000</param>
			</interceptor-ref>
			 <interceptor-ref name="defaultStack" />
			<result name="SUCCESS" type="redirectAction">FileUploadSuccess</result>
			<result name="INPUT">/TheaterBooking.jsp</result>
		</action>
		
		<action name="uploadTheater" class="harshita.XYZ.Action.UploadTheaterAction">
			<interceptor-ref name="fileUpload">
				<param name="maximumSize">1000000</param>
			</interceptor-ref>
			 <interceptor-ref name="defaultStack" />
			<result name="SUCCESS" type="redirectAction">TheaterFileUploadSuccess</result>
			<result name="INPUT">/TheaterBooking.jsp</result>
		</action>
		
		<action name="FileUploadSuccess" class="harshita.XYZ.Action.UploadXMLAction" method="printMsg">
			<result name="SUCCESS">/TheaterBooking.jsp</result>
		</action>
		
		<action name="TheaterFileUploadSuccess" class="harshita.XYZ.Action.UploadTheaterAction" method="printMsg">
			<result name="SUCCESS">/TheaterBooking.jsp</result>
		</action>
		
		<action name="parseRequest" class="harshita.XYZ.Action.CustomerRequestProcessing">
			<interceptor-ref name="defaultStack"></interceptor-ref>
            <interceptor-ref name="execAndWait">
                <!-- override delay and delaySleepInterval parameters of execAndWait to 500ms -->
                <param name="delay">1</param>
                <param name="delaySleepInterval">1</param>
            </interceptor-ref>
            <result  name="SUCCESS" type="chain">BookTheater</result>
			<result name="error">/error.jsp</result>
		</action>
		
		<action name="BookTheater" class="harshita.XYZ.Action.BookTheaterAction">
		 <result name="SUCCESS">/ListBooking.jsp</result>
		 	 <result name="ERROR">/error.jsp</result>
		</action>
		
		<action name="Logout" class="harshita.XYZ.Action.LogoutAction">
		 <result name="SUCCESS" type="redirect">/TheaterBooking.jsp</result>
		 	 <result name="ERROR">/error.jsp</result>
		</action>
		
		
	</package>
</struts>