<?xml version="1.0" encoding="UTF-8"?>
<ticket-request>
<request id="1">
<name>Smith</name>
<NumOfTicket>2</NumOfTicket>
</request>
<request id="2">
<name>Jones</name>
<NumOfTicket>5</NumOfTicket>
</request>
<request id="3">
<name>Davis</name>
<NumOfTicket>6</NumOfTicket>
</request>
<request id="4">
<name>Wilson</name>
<NumOfTicket>100</NumOfTicket>
</request>
<request id="5">
<name>Johnson</name>
<NumOfTicket>3</NumOfTicket>
</request>
<request id="6">
<name>william</name>
<NumOfTicket>4</NumOfTicket>
</request>
<request id="5">
<name>Brown</name>
<NumOfTicket>8</NumOfTicket>
</request>
<request id="6">
<name>Miller</name>
<NumOfTicket>12</NumOfTicket>
</request>
</ticket-request>
